date,first,last,addr,city,st,zip,prod_id,prod_desc,unit_price,qty,total
2016-01-01 09:18:00,Fode/Beed,Vincent,8509 Route 44,Joseph,OR,97846,505,Bolt,100,1,100
2016-01-01 09:18:00,Fode/Beed,Vincent,8509 Route 44,Joseph,OR,97846,511,Chisel,499,1,499
2016-01-01 09:18:00,Fode/Beed,Vincent,8509 Route 44,Joseph,OR,97846,510,Screwdriver,399,1,399
2016-01-01 09:18:00,Fode/Beed,Vincent,8509 Route 44,Joseph,OR,97846,525,Hatchet,3599,1,3599
2016-01-01 09:18:00,Fode/Beed,Vincent,8509 Route 44,Joseph,OR,97846,507,Paint,1800,1,1800
2016-01-01 09:58:00,Snap,Garza,9534 9th Street,Strong,ME,04983,512,Scraper,799,1,799
2016-01-01 09:58:00,Snap,Garza,9534 9th Street,Strong,ME,04983,505,Bolt,100,1,100
2016-01-01 09:58:00,Snap,Garza,9534 9th Street,Strong,ME,04983,518,Level,1698,1,1698
2016-01-01 09:58:00,Snap,Garza,9534 9th Street,Strong,ME,04983,508,Bradawl,199,1,199
2016-01-01 09:58:00,Snap,Garza,9534 9th Street,Strong,ME,04983,522,Hacksaw,1998,1,1998
2016-01-01 11:53:00,Unkar Plutt,Benson,3640 Magnolia Court,Bryants Store,KY,40921,526,Wire,3700,1,3700
2016-01-01 11:53:00,Unkar Plutt,Benson,3640 Magnolia Court,Bryants Store,KY,40921,522,Hacksaw,1998,1,1998
2016-01-01 11:53:00,Unkar Plutt,Benson,3640 Magnolia Court,Bryants Store,KY,40921,520,Anvil,1620,1,1620
2016-01-01 12:21:00,Lama Su,Garza,179 Franklin Court,Wingate,MD,21675,523,Saw,2099,1,2099
2016-01-01 13:51:00,Fode/Beed,Francis,9993 Inverness Drive,Conway,NC,27820,505,Bolt,100,1,100
2016-01-01 13:51:00,Fode/Beed,Francis,9993 Inverness Drive,Conway,NC,27820,525,Hatchet,3599,1,3599
2016-01-01 13:51:00,Fode/Beed,Francis,9993 Inverness Drive,Conway,NC,27820,528,Ladder,8000,1,8000
2016-01-01 13:51:00,Fode/Beed,Francis,9993 Inverness Drive,Conway,NC,27820,518,Level,1698,1,1698
2016-01-01 13:56:00,Snap,Ingram,6563 Jackson Avenue,Judith Gap,MT,59453,530,Chainsaw,49999,1,49999
2016-01-01 13:56:00,Snap,Ingram,6563 Jackson Avenue,Judith Gap,MT,59453,503,Nut,25,1,25
2016-01-01 14:06:00,Senator Ask Aak,Miller,9727 Devonshire Drive,Ridgeland,MS,39157,505,Bolt,100,1,100
2016-01-01 15:06:00,Bala-Tik,Walker,8497 Washington Street,Greenwood,DE,19950,502,Nail,25,3,75
2016-01-01 15:06:00,Bala-Tik,Walker,8497 Washington Street,Greenwood,DE,19950,524,Axe,2799,1,2799
2016-01-01 15:06:00,Bala-Tik,Walker,8497 Washington Street,Greenwood,DE,19950,505,Bolt,100,1,100
2016-01-01 15:06:00,Bala-Tik,Walker,8497 Washington Street,Greenwood,DE,19950,515,Wrench,1100,1,1100
2016-01-01 15:37:00,Fode/Beed,Le,2866 Devonshire Drive,Carson,WA,98610,501,Washer,10,1,10
2016-01-01 15:37:00,Fode/Beed,Le,2866 Devonshire Drive,Carson,WA,98610,518,Level,1698,1,1698
2016-01-01 15:56:00,Rieekan,Jimenez,5165 5th Street,Rockbridge,OH,43149,524,Axe,2799,1,2799
2016-01-02 09:30:00,Darth Maul,Curtis,8779 Front Street,Weston,NE,68070,523,Saw,2099,1,2099
2016-01-02 09:30:00,Darth Maul,Curtis,8779 Front Street,Weston,NE,68070,521,Drill,6900,1,6900
2016-01-02 15:34:00,Darth Maul,Wood,1988 Sycamore Drive,Masterson,TX,79058,508,Bradawl,199,1,199
2016-01-02 15:34:00,Darth Maul,Wood,1988 Sycamore Drive,Masterson,TX,79058,506,Sandpaper,300,1,300
2016-01-02 15:34:00,Darth Maul,Wood,1988 Sycamore Drive,Masterson,TX,79058,520,Anvil,1620,1,1620
2016-01-02 15:34:00,Darth Maul,Wood,1988 Sycamore Drive,Masterson,TX,79058,503,Nut,25,1,25
2016-01-02 15:34:00,Darth Maul,Wood,1988 Sycamore Drive,Masterson,TX,79058,512,Scraper,799,1,799
2016-01-03 11:28:00,Taun We,Miller,4011 Sycamore Drive,Yellow Jacket,CO,81335,505,Bolt,100,2,200
2016-01-03 11:28:00,Taun We,Miller,4011 Sycamore Drive,Yellow Jacket,CO,81335,503,Nut,25,1,25
2016-01-03 11:28:00,Taun We,Miller,4011 Sycamore Drive,Yellow Jacket,CO,81335,509,Clamp,299,1,299
2016-01-03 11:28:00,Taun We,Miller,4011 Sycamore Drive,Yellow Jacket,CO,81335,518,Level,1698,1,1698
2016-01-03 11:28:00,Taun We,Miller,4011 Sycamore Drive,Yellow Jacket,CO,81335,514,Plane,1099,1,1099
2016-01-03 11:28:00,Taun We,Miller,4011 Sycamore Drive,Yellow Jacket,CO,81335,525,Hatchet,3599,1,3599
2016-01-03 11:28:00,Taun We,Miller,4011 Sycamore Drive,Yellow Jacket,CO,81335,510,Screwdriver,399,2,798
2016-01-03 11:28:00,Taun We,Miller,4011 Sycamore Drive,Yellow Jacket,CO,81335,515,Wrench,1100,1,1100
2016-01-03 11:28:00,Taun We,Miller,4011 Sycamore Drive,Yellow Jacket,CO,81335,516,Mallet,1200,1,1200
2016-01-03 13:50:00,Taun We,Adams,6097 Heather Lane,Douglas,AK,99824,522,Hacksaw,1998,1,1998
2016-01-03 13:50:00,Taun We,Adams,6097 Heather Lane,Douglas,AK,99824,524,Axe,2799,2,5598
2016-01-03 13:50:00,Taun We,Adams,6097 Heather Lane,Douglas,AK,99824,527,Toolbox,5000,1,5000
2016-01-03 13:50:00,Taun We,Adams,6097 Heather Lane,Douglas,AK,99824,514,Plane,1099,1,1099
2016-01-03 16:42:00,Piett,Mccarthy,4997 Park Avenue,Patten,ME,04765,511,Chisel,499,1,499
2016-01-03 16:42:00,Piett,Mccarthy,4997 Park Avenue,Patten,ME,04765,510,Screwdriver,399,1,399
2016-01-03 16:54:00,Clone Commander Cody,Vincent,1457 Valley Road,Honolulu,HI,96826,511,Chisel,499,1,499
2016-01-03 16:54:00,Clone Commander Cody,Vincent,1457 Valley Road,Honolulu,HI,96826,525,Hatchet,3599,1,3599
2016-01-03 16:54:00,Clone Commander Cody,Vincent,1457 Valley Road,Honolulu,HI,96826,505,Bolt,100,1,100
2016-01-03 17:56:00,Captain Antilles,Elliott,6294 Heather Lane,San Juan,PR,00913,522,Hacksaw,1998,1,1998
2016-01-03 17:56:00,Captain Antilles,Elliott,6294 Heather Lane,San Juan,PR,00913,512,Scraper,799,1,799
2016-01-03 17:56:00,Captain Antilles,Elliott,6294 Heather Lane,San Juan,PR,00913,510,Screwdriver,399,1,399
2016-01-03 17:56:00,Captain Antilles,Elliott,6294 Heather Lane,San Juan,PR,00913,517,Pliers,1599,1,1599
2016-01-03 17:56:00,Captain Antilles,Elliott,6294 Heather Lane,San Juan,PR,00913,519,Monkeywrench,2995,1,2995
2016-01-03 17:56:00,Captain Antilles,Elliott,6294 Heather Lane,San Juan,PR,00913,513,Hammer,827,1,827
2016-01-03 17:56:00,Captain Antilles,Elliott,6294 Heather Lane,San Juan,PR,00913,523,Saw,2099,1,2099
2016-01-03 17:56:00,Captain Antilles,Elliott,6294 Heather Lane,San Juan,PR,00913,520,Anvil,1620,1,1620
2016-01-04 11:44:00,Senator Ask Aak,Lara,7926 Front Street,Big Lake,TX,76932,505,Bolt,100,1,100
2016-01-04 11:44:00,Senator Ask Aak,Lara,7926 Front Street,Big Lake,TX,76932,525,Hatchet,3599,1,3599
2016-01-04 11:44:00,Senator Ask Aak,Lara,7926 Front Street,Big Lake,TX,76932,518,Level,1698,1,1698
2016-01-04 11:44:00,Senator Ask Aak,Lara,7926 Front Street,Big Lake,TX,76932,520,Anvil,1620,1,1620
2016-01-04 11:44:00,Senator Ask Aak,Lara,7926 Front Street,Big Lake,TX,76932,519,Monkeywrench,2995,1,2995
2016-01-04 12:04:00,Lama Su,Schmidt,2556 Main Street,Suches,GA,30572,518,Level,1698,1,1698
2016-01-04 12:04:00,Lama Su,Schmidt,2556 Main Street,Suches,GA,30572,514,Plane,1099,2,2198
2016-01-04 12:04:00,Lama Su,Schmidt,2556 Main Street,Suches,GA,30572,507,Paint,1800,1,1800
2016-01-04 12:04:00,Lama Su,Schmidt,2556 Main Street,Suches,GA,30572,509,Clamp,299,1,299
2016-01-04 12:04:00,Lama Su,Schmidt,2556 Main Street,Suches,GA,30572,517,Pliers,1599,1,1599
2016-01-04 12:04:00,Lama Su,Schmidt,2556 Main Street,Suches,GA,30572,524,Axe,2799,1,2799
2016-01-04 12:43:00,Bala-Tik,Walker,7413 College Street,Dresher,PA,19025,523,Saw,2099,1,2099
2016-01-04 13:19:00,Piett,Bass,8180 Main Street,Travelers Rest,SC,29690,510,Screwdriver,399,1,399
2016-01-04 13:19:00,Piett,Bass,8180 Main Street,Travelers Rest,SC,29690,521,Drill,6900,1,6900
2016-01-04 13:19:00,Piett,Bass,8180 Main Street,Travelers Rest,SC,29690,518,Level,1698,1,1698
2016-01-04 13:19:00,Piett,Bass,8180 Main Street,Travelers Rest,SC,29690,501,Washer,10,1,10
2016-01-04 13:19:00,Piett,Bass,8180 Main Street,Travelers Rest,SC,29690,503,Nut,25,1,25
2016-01-04 13:19:00,Piett,Bass,8180 Main Street,Travelers Rest,SC,29690,513,Hammer,827,1,827
2016-01-04 13:19:00,Piett,Bass,8180 Main Street,Travelers Rest,SC,29690,507,Paint,1800,1,1800
2016-01-04 17:11:00,Tey How,Benson,3306 Edgewood Road,Hallsboro,NC,28442,520,Anvil,1620,1,1620
2016-01-05 11:07:00,Orn Free Taa,Burke,896 Lake Street,Tempe,AZ,85283,511,Chisel,499,1,499
2016-01-05 13:43:00,Snap,Mcbride,5524 Hawthorne Lane,Donahue,IA,52746,523,Saw,2099,1,2099
2016-01-05 13:43:00,Snap,Mcbride,5524 Hawthorne Lane,Donahue,IA,52746,518,Level,1698,2,3396
2016-01-05 13:43:00,Snap,Mcbride,5524 Hawthorne Lane,Donahue,IA,52746,522,Hacksaw,1998,1,1998
2016-01-05 13:43:00,Snap,Mcbride,5524 Hawthorne Lane,Donahue,IA,52746,503,Nut,25,2,50
2016-01-05 13:43:00,Snap,Mcbride,5524 Hawthorne Lane,Donahue,IA,52746,515,Wrench,1100,1,1100
2016-01-05 13:43:00,Snap,Mcbride,5524 Hawthorne Lane,Donahue,IA,52746,519,Monkeywrench,2995,1,2995
2016-01-05 13:43:00,Snap,Mcbride,5524 Hawthorne Lane,Donahue,IA,52746,526,Wire,3700,1,3700
2016-01-05 13:43:00,Snap,Mcbride,5524 Hawthorne Lane,Donahue,IA,52746,516,Mallet,1200,1,1200
2016-01-05 13:52:00,Jabba,Jennings,2985 Washington Street,Columbus,OH,43210,505,Bolt,100,1,100
2016-01-05 13:52:00,Jabba,Jennings,2985 Washington Street,Columbus,OH,43210,524,Axe,2799,2,5598
2016-01-05 13:52:00,Jabba,Jennings,2985 Washington Street,Columbus,OH,43210,509,Clamp,299,1,299
2016-01-05 16:25:00,Tey How,Jennings,3672 Inverness Drive,Fort Washakie,WY,82514,523,Saw,2099,1,2099
2016-01-05 17:06:00,Jango Fett,Jimenez,3344 Lake Avenue,Norfolk,VA,23505,501,Washer,10,1,10
2016-01-05 17:06:00,Jango Fett,Jimenez,3344 Lake Avenue,Norfolk,VA,23505,520,Anvil,1620,1,1620
2016-01-05 17:59:00,Obi-Wan,Miller,9760 Edgewood Road,Veedersburg,IN,47987,515,Wrench,1100,2,2200
2016-01-05 17:59:00,Obi-Wan,Miller,9760 Edgewood Road,Veedersburg,IN,47987,522,Hacksaw,1998,1,1998
2016-01-05 17:59:00,Obi-Wan,Miller,9760 Edgewood Road,Veedersburg,IN,47987,502,Nail,25,1,25
2016-01-05 17:59:00,Obi-Wan,Miller,9760 Edgewood Road,Veedersburg,IN,47987,506,Sandpaper,300,1,300
2016-01-05 17:59:00,Obi-Wan,Miller,9760 Edgewood Road,Veedersburg,IN,47987,503,Nut,25,1,25
2016-01-05 17:59:00,Obi-Wan,Miller,9760 Edgewood Road,Veedersburg,IN,47987,518,Level,1698,1,1698
2016-01-06 09:52:00,Darth Maul,Walters,7851 Magnolia Court,Hope,ND,58046,516,Mallet,1200,1,1200
2016-01-06 09:52:00,Darth Maul,Walters,7851 Magnolia Court,Hope,ND,58046,511,Chisel,499,2,998
2016-01-06 09:52:00,Darth Maul,Walters,7851 Magnolia Court,Hope,ND,58046,524,Axe,2799,1,2799
2016-01-06 09:52:00,Darth Maul,Walters,7851 Magnolia Court,Hope,ND,58046,517,Pliers,1599,2,3198
2016-01-06 09:52:00,Darth Maul,Walters,7851 Magnolia Court,Hope,ND,58046,507,Paint,1800,1,1800
2016-01-06 09:52:00,Darth Maul,Walters,7851 Magnolia Court,Hope,ND,58046,503,Nut,25,2,50
2016-01-06 09:52:00,Darth Maul,Walters,7851 Magnolia Court,Hope,ND,58046,526,Wire,3700,1,3700
2016-01-06 09:52:00,Darth Maul,Walters,7851 Magnolia Court,Hope,ND,58046,501,Washer,10,1,10
2016-01-06 09:52:00,Darth Maul,Walters,7851 Magnolia Court,Hope,ND,58046,514,Plane,1099,1,1099
2016-01-06 10:02:00,Snap,Pollard,4987 Sycamore Drive,Mc Louth,KS,66054,508,Bradawl,199,1,199
2016-01-06 12:06:00,Lama Su,Vincent,2114 4th Street,Ivor,VA,23866,519,Monkeywrench,2995,1,2995
2016-01-06 12:51:00,Bala-Tik,Schmidt,3353 Front Street,New Britain,CT,06053,528,Ladder,8000,1,8000
2016-01-06 12:51:00,Bala-Tik,Schmidt,3353 Front Street,New Britain,CT,06053,513,Hammer,827,1,827
2016-01-06 13:03:00,Rieekan,Bass,8798 Jackson Avenue,Cotulla,TX,78014,514,Plane,1099,1,1099
2016-01-06 13:03:00,Rieekan,Bass,8798 Jackson Avenue,Cotulla,TX,78014,509,Clamp,299,1,299
2016-01-06 13:03:00,Rieekan,Bass,8798 Jackson Avenue,Cotulla,TX,78014,524,Axe,2799,1,2799
2016-01-06 13:03:00,Rieekan,Bass,8798 Jackson Avenue,Cotulla,TX,78014,501,Washer,10,1,10
2016-01-06 13:03:00,Rieekan,Bass,8798 Jackson Avenue,Cotulla,TX,78014,506,Sandpaper,300,1,300
2016-01-06 13:03:00,Rieekan,Bass,8798 Jackson Avenue,Cotulla,TX,78014,512,Scraper,799,1,799
2016-01-06 13:03:00,Rieekan,Bass,8798 Jackson Avenue,Cotulla,TX,78014,519,Monkeywrench,2995,1,2995
2016-01-06 13:03:00,Rieekan,Bass,8798 Jackson Avenue,Cotulla,TX,78014,508,Bradawl,199,2,398
2016-01-06 13:03:00,Rieekan,Bass,8798 Jackson Avenue,Cotulla,TX,78014,518,Level,1698,1,1698
2016-01-06 15:23:00,Taun We,Vincent,2331 Smith Street,Londonderry,VT,05148,514,Plane,1099,1,1099
2016-01-07 09:37:00,Clone Commander Cody,Benson,8861 Lexington Court,Great Barrington,MA,01230,518,Level,1698,1,1698
2016-01-07 09:37:00,Clone Commander Cody,Benson,8861 Lexington Court,Great Barrington,MA,01230,517,Pliers,1599,1,1599
2016-01-07 09:37:00,Clone Commander Cody,Benson,8861 Lexington Court,Great Barrington,MA,01230,513,Hammer,827,1,827
2016-01-07 12:43:00,Lama Su,Jennings,1963 Old York,Walnut Cove,NC,27052,504,Screw,50,1,50
2016-01-07 12:43:00,Lama Su,Jennings,1963 Old York,Walnut Cove,NC,27052,508,Bradawl,199,1,199
2016-01-07 12:43:00,Lama Su,Jennings,1963 Old York,Walnut Cove,NC,27052,512,Scraper,799,1,799
2016-01-07 12:43:00,Lama Su,Jennings,1963 Old York,Walnut Cove,NC,27052,505,Bolt,100,1,100
2016-01-07 14:12:00,Captain Antilles,Jimenez,1677 2nd Street East,Washington,DC,20551,517,Pliers,1599,1,1599
2016-01-07 14:12:00,Captain Antilles,Jimenez,1677 2nd Street East,Washington,DC,20551,506,Sandpaper,300,1,300
2016-01-07 14:12:00,Captain Antilles,Jimenez,1677 2nd Street East,Washington,DC,20551,504,Screw,50,1,50
2016-01-07 14:12:00,Captain Antilles,Jimenez,1677 2nd Street East,Washington,DC,20551,516,Mallet,1200,1,1200
2016-01-07 14:12:00,Captain Antilles,Jimenez,1677 2nd Street East,Washington,DC,20551,513,Hammer,827,1,827
2016-01-07 14:12:00,Captain Antilles,Jimenez,1677 2nd Street East,Washington,DC,20551,511,Chisel,499,1,499
2016-01-07 14:12:00,Captain Antilles,Jimenez,1677 2nd Street East,Washington,DC,20551,503,Nut,25,1,25
2016-01-07 14:56:00,Fode/Beed,Vincent,8509 Route 44,Joseph,OR,97846,501,Washer,10,1,10
2016-01-07 14:56:00,Fode/Beed,Vincent,8509 Route 44,Joseph,OR,97846,506,Sandpaper,300,1,300
2016-01-07 14:56:00,Fode/Beed,Vincent,8509 Route 44,Joseph,OR,97846,514,Plane,1099,2,2198
2016-01-07 14:56:00,Fode/Beed,Vincent,8509 Route 44,Joseph,OR,97846,527,Toolbox,5000,1,5000
2016-01-07 14:56:00,Fode/Beed,Vincent,8509 Route 44,Joseph,OR,97846,507,Paint,1800,1,1800
2016-01-08 09:36:00,Mace Windu,Burke,1863 Jackson Avenue,Washington,DC,20593,511,Chisel,499,1,499
2016-01-08 10:38:00,Gold Leader,Todd,508 Magnolia Court,Memphis,TN,38119,504,Screw,50,1,50
2016-01-08 10:38:00,Gold Leader,Todd,508 Magnolia Court,Memphis,TN,38119,517,Pliers,1599,1,1599
2016-01-08 11:02:00,Darth Maul,Wood,1988 Sycamore Drive,Masterson,TX,79058,505,Bolt,100,1,100
2016-01-08 12:03:00,Tc-14,Doyle,7533 Sycamore Drive,Kilbourne,LA,71253,524,Axe,2799,1,2799
2016-01-08 12:03:00,Tc-14,Doyle,7533 Sycamore Drive,Kilbourne,LA,71253,503,Nut,25,1,25
2016-01-08 12:03:00,Tc-14,Doyle,7533 Sycamore Drive,Kilbourne,LA,71253,509,Clamp,299,1,299
2016-01-08 12:03:00,Tc-14,Doyle,7533 Sycamore Drive,Kilbourne,LA,71253,505,Bolt,100,1,100
2016-01-08 16:28:00,Rabe,Hunt,7682 Magnolia Court,Clyde,OH,43410,503,Nut,25,1,25
2016-01-08 16:28:00,Rabe,Hunt,7682 Magnolia Court,Clyde,OH,43410,516,Mallet,1200,1,1200
2016-01-09 09:11:00,On Medon,Hunt,8442 Edgewood Road,Gooding,ID,83330,503,Nut,25,2,50
2016-01-09 09:11:00,On Medon,Hunt,8442 Edgewood Road,Gooding,ID,83330,527,Toolbox,5000,1,5000
2016-01-09 09:11:00,On Medon,Hunt,8442 Edgewood Road,Gooding,ID,83330,517,Pliers,1599,1,1599
2016-01-09 10:17:00,Darth Maul,Gordon,3869 Franklin Court,Harbeson,DE,19951,521,Drill,6900,1,6900
2016-01-09 10:17:00,Darth Maul,Gordon,3869 Franklin Court,Harbeson,DE,19951,501,Washer,10,1,10
2016-01-10 11:55:00,Captain Antilles,Jimenez,1677 2nd Street East,Washington,DC,20551,515,Wrench,1100,2,2200
2016-01-10 11:55:00,Captain Antilles,Jimenez,1677 2nd Street East,Washington,DC,20551,522,Hacksaw,1998,1,1998
2016-01-10 11:55:00,Captain Antilles,Jimenez,1677 2nd Street East,Washington,DC,20551,521,Drill,6900,1,6900
2016-01-10 12:01:00,Jango Fett,Vincent,8261 Washington Street,Salt Lake City,UT,84103,515,Wrench,1100,1,1100
2016-01-10 12:01:00,Jango Fett,Vincent,8261 Washington Street,Salt Lake City,UT,84103,520,Anvil,1620,1,1620
2016-01-10 12:01:00,Jango Fett,Vincent,8261 Washington Street,Salt Lake City,UT,84103,506,Sandpaper,300,1,300
2016-01-10 13:24:00,On Medon,Curtis,1971 Lake Street,Stuart,OK,74570,503,Nut,25,1,25
2016-01-10 13:24:00,On Medon,Curtis,1971 Lake Street,Stuart,OK,74570,529,Workbench,30000,1,30000
2016-01-10 13:24:00,On Medon,Curtis,1971 Lake Street,Stuart,OK,74570,527,Toolbox,5000,1,5000
2016-01-10 13:24:00,On Medon,Curtis,1971 Lake Street,Stuart,OK,74570,505,Bolt,100,1,100
2016-01-10 13:24:00,On Medon,Curtis,1971 Lake Street,Stuart,OK,74570,502,Nail,25,1,25
2016-01-10 13:24:00,On Medon,Curtis,1971 Lake Street,Stuart,OK,74570,513,Hammer,827,1,827
2016-01-10 13:24:00,On Medon,Curtis,1971 Lake Street,Stuart,OK,74570,510,Screwdriver,399,2,798
2016-01-10 13:24:00,On Medon,Curtis,1971 Lake Street,Stuart,OK,74570,524,Axe,2799,1,2799
2016-01-10 14:05:00,Clone Commander Cody,Benson,8861 Lexington Court,Great Barrington,MA,01230,518,Level,1698,2,3396
2016-01-10 14:05:00,Clone Commander Cody,Benson,8861 Lexington Court,Great Barrington,MA,01230,504,Screw,50,1,50
2016-01-10 14:05:00,Clone Commander Cody,Benson,8861 Lexington Court,Great Barrington,MA,01230,515,Wrench,1100,1,1100
2016-01-10 14:24:00,Unkar Plutt,Mcbride,9487 Devonshire Drive,East Orange,NJ,07018,524,Axe,2799,1,2799
2016-01-10 14:24:00,Unkar Plutt,Mcbride,9487 Devonshire Drive,East Orange,NJ,07018,525,Hatchet,3599,1,3599
2016-01-10 14:24:00,Unkar Plutt,Mcbride,9487 Devonshire Drive,East Orange,NJ,07018,511,Chisel,499,1,499
2016-01-10 16:31:00,Orn Free Taa,Mcbride,7694 9th Street,Monterey,TN,38574,518,Level,1698,1,1698
2016-01-10 17:48:00,Motti,Alvarez,3797 Williams Street,Portland,OR,97213,502,Nail,25,1,25
2016-01-11 10:32:00,Tey How,Barker,4683 Lexington Court,East Wallingford,VT,05742,507,Paint,1800,1,1800
2016-01-11 10:32:00,Tey How,Barker,4683 Lexington Court,East Wallingford,VT,05742,501,Washer,10,1,10
2016-01-11 13:01:00,Nute Gunray,Ferguson,7551 Franklin Court,Bartlett,NE,68622,505,Bolt,100,1,100
2016-01-11 13:31:00,Padme,Todd,7428 West Avenue,Scotland,IN,47457,502,Nail,25,1,25
2016-01-11 13:31:00,Padme,Todd,7428 West Avenue,Scotland,IN,47457,514,Plane,1099,1,1099
2016-01-11 13:31:00,Padme,Todd,7428 West Avenue,Scotland,IN,47457,516,Mallet,1200,1,1200
2016-01-11 13:31:00,Padme,Todd,7428 West Avenue,Scotland,IN,47457,527,Toolbox,5000,1,5000
2016-01-11 13:31:00,Padme,Todd,7428 West Avenue,Scotland,IN,47457,512,Scraper,799,1,799
2016-01-11 13:31:00,Padme,Todd,7428 West Avenue,Scotland,IN,47457,510,Screwdriver,399,2,798
2016-01-11 14:58:00,Tc-14,Rodriguez,3572 Franklin Court,Franklin,PA,16323,518,Level,1698,1,1698
2016-01-11 17:36:00,Tey How,Mccarthy,5313 9th Street,Memphis,TN,38104,515,Wrench,1100,1,1100
2016-01-12 10:47:00,Captain Antilles,Curtis,2327 Prospect Street,Miami,FL,33127,503,Nut,25,1,25
2016-01-12 13:25:00,Tc-14,Walters,4957 Sycamore Street,Roann,IN,46974,520,Anvil,1620,1,1620
2016-01-12 13:25:00,Tc-14,Walters,4957 Sycamore Street,Roann,IN,46974,525,Hatchet,3599,1,3599
2016-01-12 13:31:00,Tey How,Mcdaniel,7547 Edgewood Road,Callaway,NE,68825,511,Chisel,499,1,499
2016-01-12 15:09:00,Plo Koon,Jimenez,6255 Williams Street,Accomac,VA,23301,520,Anvil,1620,1,1620
2016-01-12 15:09:00,Plo Koon,Jimenez,6255 Williams Street,Accomac,VA,23301,516,Mallet,1200,2,2400
2016-01-12 15:09:00,Plo Koon,Jimenez,6255 Williams Street,Accomac,VA,23301,521,Drill,6900,1,6900
2016-01-12 15:35:00,Shmi,Thornton,7013 Beechwood Drive,Saint Johns,AZ,85936,522,Hacksaw,1998,1,1998
2016-01-12 15:35:00,Shmi,Thornton,7013 Beechwood Drive,Saint Johns,AZ,85936,516,Mallet,1200,1,1200
2016-01-12 15:35:00,Shmi,Thornton,7013 Beechwood Drive,Saint Johns,AZ,85936,523,Saw,2099,1,2099
2016-01-12 15:35:00,Shmi,Thornton,7013 Beechwood Drive,Saint Johns,AZ,85936,518,Level,1698,1,1698
2016-01-12 15:35:00,Shmi,Thornton,7013 Beechwood Drive,Saint Johns,AZ,85936,509,Clamp,299,1,299
2016-01-12 15:35:00,Shmi,Thornton,7013 Beechwood Drive,Saint Johns,AZ,85936,520,Anvil,1620,1,1620
2016-01-12 15:58:00,Snap,Miller,2240 3rd Street,Philipp,MS,38950,514,Plane,1099,1,1099
2016-01-13 12:09:00,Bib Fortuna,Zhang,9177 West Avenue,Belen,NM,87002,512,Scraper,799,1,799
2016-01-13 12:09:00,Bib Fortuna,Zhang,9177 West Avenue,Belen,NM,87002,515,Wrench,1100,1,1100
2016-01-13 12:09:00,Bib Fortuna,Zhang,9177 West Avenue,Belen,NM,87002,517,Pliers,1599,1,1599
2016-01-13 12:09:00,Bib Fortuna,Zhang,9177 West Avenue,Belen,NM,87002,507,Paint,1800,1,1800
2016-01-13 12:09:00,Bib Fortuna,Zhang,9177 West Avenue,Belen,NM,87002,509,Clamp,299,1,299
2016-01-13 12:09:00,Bib Fortuna,Zhang,9177 West Avenue,Belen,NM,87002,527,Toolbox,5000,1,5000
2016-01-13 12:09:00,Bib Fortuna,Zhang,9177 West Avenue,Belen,NM,87002,520,Anvil,1620,3,4860
2016-01-13 12:09:00,Bib Fortuna,Zhang,9177 West Avenue,Belen,NM,87002,523,Saw,2099,1,2099
2016-01-13 12:09:00,Bib Fortuna,Zhang,9177 West Avenue,Belen,NM,87002,510,Screwdriver,399,1,399
2016-01-13 12:09:00,Bib Fortuna,Zhang,9177 West Avenue,Belen,NM,87002,526,Wire,3700,1,3700
2016-01-13 12:18:00,Captain Antilles,Garza,1372 9th Street,Lane,SD,57358,503,Nut,25,2,50
2016-01-13 12:18:00,Captain Antilles,Garza,1372 9th Street,Lane,SD,57358,517,Pliers,1599,1,1599
2016-01-13 12:47:00,Bala-Tik,Zhang,1559 Lake Avenue,Traver,CA,93673,509,Clamp,299,1,299
2016-01-13 12:47:00,Bala-Tik,Zhang,1559 Lake Avenue,Traver,CA,93673,502,Nail,25,1,25
2016-01-13 12:47:00,Bala-Tik,Zhang,1559 Lake Avenue,Traver,CA,93673,510,Screwdriver,399,1,399
2016-01-13 13:29:00,C-3Po,Vincent,1905 Edgewood Road,Dawson,IA,50066,517,Pliers,1599,1,1599
2016-01-13 13:29:00,C-3Po,Vincent,1905 Edgewood Road,Dawson,IA,50066,509,Clamp,299,1,299
2016-01-13 14:41:00,Lama Su,Vincent,2049 Route 44,Salome,AZ,85348,512,Scraper,799,1,799
2016-01-13 16:03:00,Motti,Bass,2326 Brookside Drive,Seven Valleys,PA,17360,507,Paint,1800,1,1800
2016-01-13 16:03:00,Motti,Bass,2326 Brookside Drive,Seven Valleys,PA,17360,502,Nail,25,1,25
2016-01-13 16:31:00,Snap,Miller,2240 3rd Street,Philipp,MS,38950,523,Saw,2099,1,2099
2016-01-13 16:31:00,Snap,Miller,2240 3rd Street,Philipp,MS,38950,511,Chisel,499,1,499
2016-01-13 16:31:00,Snap,Miller,2240 3rd Street,Philipp,MS,38950,515,Wrench,1100,1,1100
2016-01-13 16:31:00,Snap,Miller,2240 3rd Street,Philipp,MS,38950,514,Plane,1099,1,1099
2016-01-14 09:12:00,Lama Su,Vincent,2114 4th Street,Ivor,VA,23866,527,Toolbox,5000,1,5000
2016-01-14 09:12:00,Lama Su,Vincent,2114 4th Street,Ivor,VA,23866,508,Bradawl,199,1,199
2016-01-14 10:34:00,Fode/Beed,Adams,2420 Sycamore Street,Harper,OR,97906,522,Hacksaw,1998,1,1998
2016-01-14 15:20:00,Mace Windu,Pollard,8139 Smith Street,Clines Corners,NM,87070,512,Scraper,799,1,799
2016-01-14 15:20:00,Mace Windu,Pollard,8139 Smith Street,Clines Corners,NM,87070,525,Hatchet,3599,2,7198
2016-01-14 15:20:00,Mace Windu,Pollard,8139 Smith Street,Clines Corners,NM,87070,508,Bradawl,199,1,199
2016-01-14 15:20:00,Mace Windu,Pollard,8139 Smith Street,Clines Corners,NM,87070,519,Monkeywrench,2995,1,2995
2016-01-14 15:20:00,Mace Windu,Pollard,8139 Smith Street,Clines Corners,NM,87070,518,Level,1698,1,1698
2016-01-14 15:20:00,Mace Windu,Pollard,8139 Smith Street,Clines Corners,NM,87070,524,Axe,2799,1,2799
2016-01-15 09:20:00,Rieekan,Bass,8798 Jackson Avenue,Cotulla,TX,78014,524,Axe,2799,2,5598
2016-01-15 09:20:00,Rieekan,Bass,8798 Jackson Avenue,Cotulla,TX,78014,504,Screw,50,1,50
2016-01-15 09:20:00,Rieekan,Bass,8798 Jackson Avenue,Cotulla,TX,78014,517,Pliers,1599,1,1599
2016-01-15 10:17:00,Plo Koon,Aguilar,5657 Devon Road,Roslyn,WA,98941,525,Hatchet,3599,2,7198
2016-01-15 10:17:00,Plo Koon,Aguilar,5657 Devon Road,Roslyn,WA,98941,508,Bradawl,199,2,398
2016-01-15 10:17:00,Plo Koon,Aguilar,5657 Devon Road,Roslyn,WA,98941,510,Screwdriver,399,1,399
2016-01-15 10:17:00,Plo Koon,Aguilar,5657 Devon Road,Roslyn,WA,98941,516,Mallet,1200,1,1200
2016-01-15 13:48:00,Captain Antilles,Jimenez,1677 2nd Street East,Washington,DC,20551,502,Nail,25,1,25
2016-01-15 13:48:00,Captain Antilles,Jimenez,1677 2nd Street East,Washington,DC,20551,501,Washer,10,1,10
2016-01-15 13:48:00,Captain Antilles,Jimenez,1677 2nd Street East,Washington,DC,20551,505,Bolt,100,1,100
2016-01-15 13:51:00,Rabe,Rodriguez,5492 Front Street,Flippin,AR,72634,507,Paint,1800,1,1800
2016-01-15 15:52:00,Snap,Garza,9534 9th Street,Strong,ME,04983,519,Monkeywrench,2995,1,2995
2016-01-16 10:37:00,Unkar Plutt,Todd,8877 College Street,Washington,DC,20551,506,Sandpaper,300,1,300
2016-01-16 10:37:00,Unkar Plutt,Todd,8877 College Street,Washington,DC,20551,517,Pliers,1599,1,1599
2016-01-16 10:46:00,C-3Po,Mcdaniel,8717 Pheasant Run,Monument Valley,UT,84536,528,Ladder,8000,1,8000
2016-01-16 10:46:00,C-3Po,Mcdaniel,8717 Pheasant Run,Monument Valley,UT,84536,504,Screw,50,1,50
2016-01-16 10:46:00,C-3Po,Mcdaniel,8717 Pheasant Run,Monument Valley,UT,84536,518,Level,1698,1,1698
2016-01-16 10:46:00,C-3Po,Mcdaniel,8717 Pheasant Run,Monument Valley,UT,84536,516,Mallet,1200,1,1200
2016-01-16 10:46:00,C-3Po,Mcdaniel,8717 Pheasant Run,Monument Valley,UT,84536,522,Hacksaw,1998,2,3996
2016-01-16 10:46:00,C-3Po,Mcdaniel,8717 Pheasant Run,Monument Valley,UT,84536,509,Clamp,299,1,299
2016-01-16 10:46:00,C-3Po,Mcdaniel,8717 Pheasant Run,Monument Valley,UT,84536,519,Monkeywrench,2995,1,2995
2016-01-16 14:35:00,Rabe,Thornton,2133 Edgewood Road,Red Lodge,MT,59068,502,Nail,25,1,25
2016-01-16 14:35:00,Rabe,Thornton,2133 Edgewood Road,Red Lodge,MT,59068,524,Axe,2799,1,2799
2016-01-16 14:35:00,Rabe,Thornton,2133 Edgewood Road,Red Lodge,MT,59068,505,Bolt,100,1,100
2016-01-16 14:35:00,Rabe,Thornton,2133 Edgewood Road,Red Lodge,MT,59068,526,Wire,3700,1,3700
2016-01-16 17:20:00,Clone Commander Cody,Francis,6510 Sycamore Street,West Stewartstown,NH,03597,514,Plane,1099,1,1099
2016-01-16 17:20:00,Clone Commander Cody,Francis,6510 Sycamore Street,West Stewartstown,NH,03597,504,Screw,50,1,50
2016-01-17 17:58:00,Bala-Tik,Lara,4007 Valley Road,Greensboro,NC,27405,515,Wrench,1100,1,1100
2016-01-17 17:58:00,Bala-Tik,Lara,4007 Valley Road,Greensboro,NC,27405,516,Mallet,1200,1,1200
2016-01-17 17:58:00,Bala-Tik,Lara,4007 Valley Road,Greensboro,NC,27405,502,Nail,25,1,25
2016-01-17 17:58:00,Bala-Tik,Lara,4007 Valley Road,Greensboro,NC,27405,520,Anvil,1620,1,1620
2016-01-18 10:16:00,Rey,Miller,9379 Beechwood Drive,Petersburg,OH,44454,529,Workbench,30000,1,30000
2016-01-18 11:58:00,Sun Rit,Mitchell,3010 Sycamore Drive,Los Angeles,CA,90048,510,Screwdriver,399,1,399
2016-01-18 11:58:00,Sun Rit,Mitchell,3010 Sycamore Drive,Los Angeles,CA,90048,516,Mallet,1200,1,1200
2016-01-18 11:58:00,Sun Rit,Mitchell,3010 Sycamore Drive,Los Angeles,CA,90048,502,Nail,25,1,25
2016-01-18 11:58:00,Sun Rit,Mitchell,3010 Sycamore Drive,Los Angeles,CA,90048,512,Scraper,799,1,799
2016-01-18 11:58:00,Sun Rit,Mitchell,3010 Sycamore Drive,Los Angeles,CA,90048,521,Drill,6900,1,6900
2016-01-18 12:41:00,Gold Leader,Todd,508 Magnolia Court,Memphis,TN,38119,515,Wrench,1100,1,1100
2016-01-18 14:21:00,C-3Po,Le,4801 William Street,Ashley,ND,58413,515,Wrench,1100,1,1100
2016-01-18 14:21:00,C-3Po,Le,4801 William Street,Ashley,ND,58413,510,Screwdriver,399,1,399
2016-01-18 14:21:00,C-3Po,Le,4801 William Street,Ashley,ND,58413,521,Drill,6900,1,6900
2016-01-18 14:21:00,C-3Po,Le,4801 William Street,Ashley,ND,58413,509,Clamp,299,1,299
2016-01-18 14:28:00,Jira,Ingram,4992 Edgewood Road,Window Rock,AZ,86515,511,Chisel,499,1,499
2016-01-18 14:28:00,Jira,Ingram,4992 Edgewood Road,Window Rock,AZ,86515,515,Wrench,1100,1,1100
2016-01-18 16:34:00,Sola,Francis,8313 Main Street,Central Falls,RI,02863,525,Hatchet,3599,1,3599
2016-01-18 16:34:00,Sola,Francis,8313 Main Street,Central Falls,RI,02863,511,Chisel,499,1,499
2016-01-18 16:34:00,Sola,Francis,8313 Main Street,Central Falls,RI,02863,507,Paint,1800,1,1800
2016-01-19 15:03:00,Tey How,Mcdaniel,7547 Edgewood Road,Callaway,NE,68825,510,Screwdriver,399,1,399
2016-01-19 15:03:00,Tey How,Mcdaniel,7547 Edgewood Road,Callaway,NE,68825,503,Nut,25,2,50
2016-01-19 15:03:00,Tey How,Mcdaniel,7547 Edgewood Road,Callaway,NE,68825,512,Scraper,799,1,799
2016-01-19 15:03:00,Tey How,Mcdaniel,7547 Edgewood Road,Callaway,NE,68825,513,Hammer,827,1,827
2016-01-19 15:03:00,Tey How,Mcdaniel,7547 Edgewood Road,Callaway,NE,68825,524,Axe,2799,2,5598
2016-01-19 15:03:00,Tey How,Mcdaniel,7547 Edgewood Road,Callaway,NE,68825,505,Bolt,100,1,100
2016-01-19 15:03:00,Tey How,Mcdaniel,7547 Edgewood Road,Callaway,NE,68825,506,Sandpaper,300,1,300
2016-01-19 15:03:00,Tey How,Mcdaniel,7547 Edgewood Road,Callaway,NE,68825,511,Chisel,499,1,499
2016-01-19 15:03:00,Tey How,Mcdaniel,7547 Edgewood Road,Callaway,NE,68825,508,Bradawl,199,1,199
2016-01-19 15:03:00,Tey How,Mcdaniel,7547 Edgewood Road,Callaway,NE,68825,509,Clamp,299,1,299
2016-01-19 15:03:00,Tey How,Mcdaniel,7547 Edgewood Road,Callaway,NE,68825,507,Paint,1800,1,1800
2016-01-19 15:03:00,Tey How,Mcdaniel,7547 Edgewood Road,Callaway,NE,68825,517,Pliers,1599,1,1599
2016-01-19 15:03:00,Tey How,Mcdaniel,7547 Edgewood Road,Callaway,NE,68825,516,Mallet,1200,1,1200
2016-01-19 15:19:00,Shmi,Gordon,9637 Heather Lane,Cable,WI,54821,504,Screw,50,1,50
2016-01-19 15:40:00,Lieutenant Mitaka,Rodriguez,3816 5th Street East,Smiths Grove,KY,42171,507,Paint,1800,1,1800
2016-01-19 15:40:00,Lieutenant Mitaka,Rodriguez,3816 5th Street East,Smiths Grove,KY,42171,521,Drill,6900,1,6900
2016-01-19 15:40:00,Lieutenant Mitaka,Rodriguez,3816 5th Street East,Smiths Grove,KY,42171,512,Scraper,799,1,799
2016-01-19 15:40:00,Lieutenant Mitaka,Rodriguez,3816 5th Street East,Smiths Grove,KY,42171,503,Nut,25,1,25
2016-01-19 17:41:00,Sola,Mcbride,7761 Jackson Avenue,Lance Creek,WY,82222,520,Anvil,1620,2,3240
2016-01-19 17:41:00,Sola,Mcbride,7761 Jackson Avenue,Lance Creek,WY,82222,507,Paint,1800,1,1800
2016-01-19 17:41:00,Sola,Mcbride,7761 Jackson Avenue,Lance Creek,WY,82222,515,Wrench,1100,1,1100
2016-01-19 17:41:00,Sola,Mcbride,7761 Jackson Avenue,Lance Creek,WY,82222,501,Washer,10,1,10
2016-01-20 09:03:00,Senator Ask Aak,Adams,487 Front Street South,Mendota,VA,24270,521,Drill,6900,1,6900
2016-01-20 09:03:00,Senator Ask Aak,Adams,487 Front Street South,Mendota,VA,24270,517,Pliers,1599,1,1599
2016-01-20 09:03:00,Senator Ask Aak,Adams,487 Front Street South,Mendota,VA,24270,506,Sandpaper,300,1,300
2016-01-20 11:22:00,Bala-Tik,Benson,3204 Jackson Avenue,Teller,AK,99778,523,Saw,2099,1,2099
2016-01-20 11:22:00,Bala-Tik,Benson,3204 Jackson Avenue,Teller,AK,99778,514,Plane,1099,1,1099
2016-01-20 11:22:00,Bala-Tik,Benson,3204 Jackson Avenue,Teller,AK,99778,502,Nail,25,1,25
2016-01-20 11:22:00,Bala-Tik,Benson,3204 Jackson Avenue,Teller,AK,99778,508,Bradawl,199,2,398
2016-01-20 11:22:00,Bala-Tik,Benson,3204 Jackson Avenue,Teller,AK,99778,527,Toolbox,5000,1,5000
2016-01-20 11:22:00,Bala-Tik,Benson,3204 Jackson Avenue,Teller,AK,99778,516,Mallet,1200,1,1200
2016-01-20 11:22:00,Bala-Tik,Benson,3204 Jackson Avenue,Teller,AK,99778,503,Nut,25,1,25
2016-01-20 11:22:00,Bala-Tik,Benson,3204 Jackson Avenue,Teller,AK,99778,505,Bolt,100,1,100
2016-01-20 13:36:00,On Medon,Hunt,8442 Edgewood Road,Gooding,ID,83330,523,Saw,2099,1,2099
2016-01-21 12:08:00,On Medon,Curtis,2401 Edgewood Road,Baton Rouge,LA,70818,527,Toolbox,5000,1,5000
2016-01-21 14:55:00,Orn Free Taa,Zhang,6043 Strawberry Lane,Patterson,AR,72123,507,Paint,1800,1,1800
2016-01-21 15:25:00,Orn Free Taa,Greene,1746 Route 44,Wiggins,CO,80654,528,Ladder,8000,1,8000
2016-01-21 15:41:00,C-3Po,Walker,6648 Canterbury Drive,O Brien,OR,97534,524,Axe,2799,1,2799
2016-01-21 15:41:00,C-3Po,Walker,6648 Canterbury Drive,O Brien,OR,97534,507,Paint,1800,1,1800
2016-01-21 15:41:00,C-3Po,Walker,6648 Canterbury Drive,O Brien,OR,97534,504,Screw,50,1,50
2016-01-21 16:34:00,Captain Antilles,Rodriguez,4648 Lake Street,Barton City,MI,48705,513,Hammer,827,1,827
2016-01-21 16:34:00,Captain Antilles,Rodriguez,4648 Lake Street,Barton City,MI,48705,523,Saw,2099,1,2099
2016-01-21 16:34:00,Captain Antilles,Rodriguez,4648 Lake Street,Barton City,MI,48705,501,Washer,10,1,10
2016-01-21 17:05:00,Fode/Beed,Le,2866 Devonshire Drive,Carson,WA,98610,505,Bolt,100,1,100
2016-01-21 17:05:00,Fode/Beed,Le,2866 Devonshire Drive,Carson,WA,98610,525,Hatchet,3599,1,3599
2016-01-22 09:28:00,Captain Antilles,Rodriguez,4648 Lake Street,Barton City,MI,48705,515,Wrench,1100,1,1100
2016-01-22 12:41:00,Dodonna,Johnston,5917 3rd Street East,Dundee,MI,48131,515,Wrench,1100,1,1100
2016-01-22 12:41:00,Dodonna,Johnston,5917 3rd Street East,Dundee,MI,48131,512,Scraper,799,1,799
2016-01-22 12:41:00,Dodonna,Johnston,5917 3rd Street East,Dundee,MI,48131,509,Clamp,299,1,299
2016-01-22 13:25:00,Jabba,Adams,1313 5th Street,Lakeland,MI,48143,516,Mallet,1200,1,1200
2016-01-22 13:25:00,Jabba,Adams,1313 5th Street,Lakeland,MI,48143,528,Ladder,8000,1,8000
2016-01-22 13:25:00,Jabba,Adams,1313 5th Street,Lakeland,MI,48143,524,Axe,2799,1,2799
2016-01-22 13:25:00,Jabba,Adams,1313 5th Street,Lakeland,MI,48143,513,Hammer,827,1,827
2016-01-23 09:25:00,Motti,Thornton,7510 Lexington Court,Arlington,VA,22203,524,Axe,2799,1,2799
2016-01-23 09:25:00,Motti,Thornton,7510 Lexington Court,Arlington,VA,22203,513,Hammer,827,1,827
2016-01-23 09:25:00,Motti,Thornton,7510 Lexington Court,Arlington,VA,22203,527,Toolbox,5000,1,5000
2016-01-23 12:03:00,Sun Rit,Walker,3961 Beechwood Drive,Tonopah,AZ,85354,525,Hatchet,3599,1,3599
2016-01-23 12:03:00,Sun Rit,Walker,3961 Beechwood Drive,Tonopah,AZ,85354,520,Anvil,1620,1,1620
2016-01-23 13:16:00,Beru,Gordon,5261 9th Street,Waipahu,HI,96797,527,Toolbox,5000,1,5000
2016-01-23 13:16:00,Beru,Gordon,5261 9th Street,Waipahu,HI,96797,513,Hammer,827,1,827
2016-01-23 14:41:00,Piett,Bass,8180 Main Street,Travelers Rest,SC,29690,512,Scraper,799,3,2397
2016-01-23 14:41:00,Piett,Bass,8180 Main Street,Travelers Rest,SC,29690,520,Anvil,1620,1,1620
2016-01-23 14:41:00,Piett,Bass,8180 Main Street,Travelers Rest,SC,29690,522,Hacksaw,1998,1,1998
2016-01-23 14:41:00,Piett,Bass,8180 Main Street,Travelers Rest,SC,29690,523,Saw,2099,1,2099
2016-01-23 14:41:00,Piett,Bass,8180 Main Street,Travelers Rest,SC,29690,504,Screw,50,1,50
2016-01-23 14:41:00,Piett,Bass,8180 Main Street,Travelers Rest,SC,29690,515,Wrench,1100,1,1100
2016-01-24 09:00:00,Nute Gunray,Le,2553 Inverness Drive,South San Francisco,CA,94080,529,Workbench,30000,1,30000
2016-01-24 10:38:00,Rabe,Vincent,3541 3rd Street,Salol,MN,56756,505,Bolt,100,1,100
2016-01-24 10:38:00,Rabe,Vincent,3541 3rd Street,Salol,MN,56756,516,Mallet,1200,1,1200
2016-01-24 10:38:00,Rabe,Vincent,3541 3rd Street,Salol,MN,56756,514,Plane,1099,1,1099
2016-01-24 10:38:00,Rabe,Vincent,3541 3rd Street,Salol,MN,56756,512,Scraper,799,1,799
2016-01-24 10:38:00,Rabe,Vincent,3541 3rd Street,Salol,MN,56756,528,Ladder,8000,1,8000
2016-01-24 10:48:00,Obi-Wan,Adams,7379 Old York Road,Hunlock Creek,PA,18621,526,Wire,3700,1,3700
2016-01-24 10:48:00,Obi-Wan,Adams,7379 Old York Road,Hunlock Creek,PA,18621,527,Toolbox,5000,1,5000
2016-01-24 10:48:00,Obi-Wan,Adams,7379 Old York Road,Hunlock Creek,PA,18621,520,Anvil,1620,1,1620
2016-01-24 12:05:00,Jango Fett,Woodward,3710 Magnolia Court,Greenville,RI,02828,509,Clamp,299,1,299
2016-01-24 12:05:00,Jango Fett,Woodward,3710 Magnolia Court,Greenville,RI,02828,525,Hatchet,3599,1,3599
2016-01-24 12:05:00,Jango Fett,Woodward,3710 Magnolia Court,Greenville,RI,02828,526,Wire,3700,1,3700
2016-01-24 12:05:00,Jango Fett,Woodward,3710 Magnolia Court,Greenville,RI,02828,514,Plane,1099,1,1099
2016-01-24 12:05:00,Jango Fett,Woodward,3710 Magnolia Court,Greenville,RI,02828,516,Mallet,1200,1,1200
2016-01-24 13:10:00,Jabba,Thornton,8523 Hawthorne Lane,Wardsboro,VT,05355,501,Washer,10,1,10
2016-01-24 13:10:00,Jabba,Thornton,8523 Hawthorne Lane,Wardsboro,VT,05355,518,Level,1698,1,1698
2016-01-24 13:10:00,Jabba,Thornton,8523 Hawthorne Lane,Wardsboro,VT,05355,505,Bolt,100,1,100
2016-01-24 13:10:00,Jabba,Thornton,8523 Hawthorne Lane,Wardsboro,VT,05355,512,Scraper,799,2,1598
2016-01-24 13:10:00,Jabba,Thornton,8523 Hawthorne Lane,Wardsboro,VT,05355,526,Wire,3700,1,3700
2016-01-24 13:10:00,Jabba,Thornton,8523 Hawthorne Lane,Wardsboro,VT,05355,503,Nut,25,1,25
2016-01-24 13:10:00,Jabba,Thornton,8523 Hawthorne Lane,Wardsboro,VT,05355,517,Pliers,1599,1,1599
2016-01-24 13:10:00,Jabba,Thornton,8523 Hawthorne Lane,Wardsboro,VT,05355,515,Wrench,1100,1,1100
2016-01-24 13:10:00,Jabba,Thornton,8523 Hawthorne Lane,Wardsboro,VT,05355,508,Bradawl,199,1,199
2016-01-24 16:19:00,Unkar Plutt,Todd,8877 College Street,Washington,DC,20551,524,Axe,2799,1,2799
2016-01-25 10:26:00,Taun We,Woodward,6912 Strawberry Lane,Erving,MA,01344,524,Axe,2799,1,2799
2016-01-25 10:26:00,Taun We,Woodward,6912 Strawberry Lane,Erving,MA,01344,521,Drill,6900,1,6900
2016-01-25 11:19:00,Biggs,Todd,5221 Hawthorne Lane,Wytopitlock,ME,04497,520,Anvil,1620,2,3240
2016-01-25 11:19:00,Biggs,Todd,5221 Hawthorne Lane,Wytopitlock,ME,04497,523,Saw,2099,2,4198
2016-01-25 11:19:00,Biggs,Todd,5221 Hawthorne Lane,Wytopitlock,ME,04497,506,Sandpaper,300,1,300
2016-01-25 11:19:00,Biggs,Todd,5221 Hawthorne Lane,Wytopitlock,ME,04497,507,Paint,1800,1,1800
2016-01-25 11:19:00,Biggs,Todd,5221 Hawthorne Lane,Wytopitlock,ME,04497,528,Ladder,8000,2,16000
2016-01-25 11:19:00,Biggs,Todd,5221 Hawthorne Lane,Wytopitlock,ME,04497,515,Wrench,1100,1,1100
2016-01-25 11:19:00,Biggs,Todd,5221 Hawthorne Lane,Wytopitlock,ME,04497,519,Monkeywrench,2995,1,2995
2016-01-25 11:19:00,Biggs,Todd,5221 Hawthorne Lane,Wytopitlock,ME,04497,513,Hammer,827,1,827
2016-01-25 11:19:00,Biggs,Todd,5221 Hawthorne Lane,Wytopitlock,ME,04497,514,Plane,1099,1,1099
2016-01-25 11:19:00,Biggs,Todd,5221 Hawthorne Lane,Wytopitlock,ME,04497,501,Washer,10,1,10
2016-01-25 11:55:00,Darth Maul,Vincent,2264 Main Street,Geneseo,IL,61254,508,Bradawl,199,1,199
2016-01-25 11:55:00,Darth Maul,Vincent,2264 Main Street,Geneseo,IL,61254,514,Plane,1099,1,1099
2016-01-25 11:58:00,Biggs,Greene,1555 Valley Road,Kahului,HI,96732,512,Scraper,799,1,799
2016-01-25 11:58:00,Biggs,Greene,1555 Valley Road,Kahului,HI,96732,513,Hammer,827,1,827
2016-01-25 14:59:00,Fode/Beed,Francis,9993 Inverness Drive,Conway,NC,27820,511,Chisel,499,1,499
2016-01-25 14:59:00,Fode/Beed,Francis,9993 Inverness Drive,Conway,NC,27820,517,Pliers,1599,1,1599
2016-01-25 15:55:00,Tey How,Barker,6169 Beechwood Drive,Ponce,PR,00717,501,Washer,10,1,10
2016-01-25 15:55:00,Tey How,Barker,6169 Beechwood Drive,Ponce,PR,00717,509,Clamp,299,1,299
2016-01-25 15:55:00,Tey How,Barker,6169 Beechwood Drive,Ponce,PR,00717,512,Scraper,799,1,799
2016-01-25 15:55:00,Tey How,Barker,6169 Beechwood Drive,Ponce,PR,00717,522,Hacksaw,1998,1,1998
2016-01-26 09:27:00,Rabe,Hunt,7682 Magnolia Court,Clyde,OH,43410,507,Paint,1800,1,1800
2016-01-26 11:53:00,Biggs,Todd,5221 Hawthorne Lane,Wytopitlock,ME,04497,510,Screwdriver,399,1,399
2016-01-26 14:34:00,C-3Po,Alvarez,3798 Park Avenue,Shepherd,MT,59079,524,Axe,2799,1,2799
2016-01-26 14:34:00,C-3Po,Alvarez,3798 Park Avenue,Shepherd,MT,59079,511,Chisel,499,1,499
2016-01-26 14:34:00,C-3Po,Alvarez,3798 Park Avenue,Shepherd,MT,59079,514,Plane,1099,1,1099
2016-01-26 14:45:00,Piett,Mcbride,9892 West Avenue,Seaside,OR,97138,527,Toolbox,5000,1,5000
2016-01-26 14:45:00,Piett,Mcbride,9892 West Avenue,Seaside,OR,97138,519,Monkeywrench,2995,1,2995
2016-01-26 14:45:00,Piett,Mcbride,9892 West Avenue,Seaside,OR,97138,506,Sandpaper,300,2,600
2016-01-26 14:45:00,Piett,Mcbride,9892 West Avenue,Seaside,OR,97138,503,Nut,25,2,50
2016-01-26 14:45:00,Piett,Mcbride,9892 West Avenue,Seaside,OR,97138,523,Saw,2099,2,4198
2016-01-26 14:45:00,Piett,Mcbride,9892 West Avenue,Seaside,OR,97138,505,Bolt,100,1,100
2016-01-26 14:45:00,Piett,Mcbride,9892 West Avenue,Seaside,OR,97138,524,Axe,2799,2,5598
2016-01-26 14:45:00,Piett,Mcbride,9892 West Avenue,Seaside,OR,97138,513,Hammer,827,1,827
2016-01-26 14:45:00,Piett,Mcbride,9892 West Avenue,Seaside,OR,97138,504,Screw,50,1,50
2016-01-26 14:45:00,Piett,Mcbride,9892 West Avenue,Seaside,OR,97138,517,Pliers,1599,1,1599
2016-01-26 15:33:00,C-3Po,Greene,5014 Beechwood Drive,Las Vegas,NV,89143,521,Drill,6900,2,13800
2016-01-26 15:33:00,C-3Po,Greene,5014 Beechwood Drive,Las Vegas,NV,89143,524,Axe,2799,1,2799
2016-01-26 15:33:00,C-3Po,Greene,5014 Beechwood Drive,Las Vegas,NV,89143,511,Chisel,499,1,499
2016-01-26 17:04:00,Tc-14,Barker,5853 Jefferson Court,North Waterboro,ME,04061,518,Level,1698,1,1698
2016-01-26 17:04:00,Tc-14,Barker,5853 Jefferson Court,North Waterboro,ME,04061,505,Bolt,100,1,100
2016-01-26 17:38:00,Nute Gunray,Jennings,9525 Route 1,East Orange,NJ,07018,515,Wrench,1100,1,1100
2016-01-26 17:38:00,Nute Gunray,Jennings,9525 Route 1,East Orange,NJ,07018,505,Bolt,100,1,100
2016-01-27 13:27:00,Motti,Doyle,5749 Old York,Marble Canyon,AZ,86036,524,Axe,2799,1,2799
2016-01-27 13:27:00,Motti,Doyle,5749 Old York,Marble Canyon,AZ,86036,522,Hacksaw,1998,1,1998
2016-01-27 15:28:00,Lama Su,Vincent,2049 Route 44,Salome,AZ,85348,523,Saw,2099,1,2099
2016-01-27 15:28:00,Lama Su,Vincent,2049 Route 44,Salome,AZ,85348,509,Clamp,299,1,299
2016-01-27 15:28:00,Lama Su,Vincent,2049 Route 44,Salome,AZ,85348,514,Plane,1099,1,1099
2016-01-27 15:28:00,Lama Su,Vincent,2049 Route 44,Salome,AZ,85348,527,Toolbox,5000,1,5000
2016-01-27 15:28:00,Lama Su,Vincent,2049 Route 44,Salome,AZ,85348,505,Bolt,100,1,100
2016-01-27 15:28:00,Lama Su,Vincent,2049 Route 44,Salome,AZ,85348,508,Bradawl,199,1,199
2016-01-27 16:37:00,Unkar Plutt,Doyle,7541 William Street,Cookeville,TN,38505,527,Toolbox,5000,1,5000
2016-01-27 16:37:00,Unkar Plutt,Doyle,7541 William Street,Cookeville,TN,38505,516,Mallet,1200,1,1200
2016-01-27 16:37:00,Unkar Plutt,Doyle,7541 William Street,Cookeville,TN,38505,515,Wrench,1100,1,1100
2016-01-27 16:37:00,Unkar Plutt,Doyle,7541 William Street,Cookeville,TN,38505,517,Pliers,1599,1,1599
2016-01-28 09:42:00,Taun We,Woodward,6912 Strawberry Lane,Erving,MA,01344,513,Hammer,827,1,827
2016-01-28 09:42:00,Taun We,Woodward,6912 Strawberry Lane,Erving,MA,01344,524,Axe,2799,1,2799
2016-01-28 09:42:00,Taun We,Woodward,6912 Strawberry Lane,Erving,MA,01344,503,Nut,25,1,25
2016-01-28 11:43:00,Jabba,Walker,9967 Sycamore Drive,Russell,KY,41169,508,Bradawl,199,1,199
2016-01-28 11:43:00,Jabba,Walker,9967 Sycamore Drive,Russell,KY,41169,507,Paint,1800,1,1800
2016-01-28 15:22:00,Shmi,Doyle,4288 Devon Road,Fort Lawn,SC,29714,504,Screw,50,1,50
2016-01-28 15:22:00,Shmi,Doyle,4288 Devon Road,Fort Lawn,SC,29714,512,Scraper,799,1,799
2016-01-28 15:22:00,Shmi,Doyle,4288 Devon Road,Fort Lawn,SC,29714,523,Saw,2099,1,2099
2016-01-28 15:54:00,Motti,Hunt,1919 Smith Street,Hamden,CT,06514,516,Mallet,1200,1,1200
2016-01-28 15:54:00,Motti,Hunt,1919 Smith Street,Hamden,CT,06514,515,Wrench,1100,1,1100
2016-01-28 15:54:00,Motti,Hunt,1919 Smith Street,Hamden,CT,06514,514,Plane,1099,1,1099
2016-01-28 15:54:00,Motti,Hunt,1919 Smith Street,Hamden,CT,06514,517,Pliers,1599,1,1599
2016-01-28 15:54:00,Motti,Hunt,1919 Smith Street,Hamden,CT,06514,522,Hacksaw,1998,1,1998
2016-01-28 15:54:00,Motti,Hunt,1919 Smith Street,Hamden,CT,06514,512,Scraper,799,2,1598
2016-01-28 15:54:00,Motti,Hunt,1919 Smith Street,Hamden,CT,06514,501,Washer,10,2,20
2016-01-28 15:54:00,Motti,Hunt,1919 Smith Street,Hamden,CT,06514,510,Screwdriver,399,1,399
2016-01-28 17:50:00,Wedge,Elliott,7110 Strawberry Lane,East Wakefield,NH,03830,501,Washer,10,1,10
2016-01-28 17:50:00,Wedge,Elliott,7110 Strawberry Lane,East Wakefield,NH,03830,504,Screw,50,1,50
2016-01-29 09:36:00,Dodonna,Francis,8070 Briarwood Court,Buckland,AK,99727,510,Screwdriver,399,1,399
2016-01-29 09:36:00,Dodonna,Francis,8070 Briarwood Court,Buckland,AK,99727,517,Pliers,1599,1,1599
2016-01-29 09:36:00,Dodonna,Francis,8070 Briarwood Court,Buckland,AK,99727,514,Plane,1099,1,1099
2016-01-29 09:36:00,Dodonna,Francis,8070 Briarwood Court,Buckland,AK,99727,524,Axe,2799,1,2799
2016-01-29 10:54:00,Rieekan,Alvarez,1387 Route 1,Grand Junction,CO,81505,501,Washer,10,1,10
2016-01-29 10:54:00,Rieekan,Alvarez,1387 Route 1,Grand Junction,CO,81505,504,Screw,50,1,50
2016-01-29 10:54:00,Rieekan,Alvarez,1387 Route 1,Grand Junction,CO,81505,520,Anvil,1620,1,1620
2016-01-29 10:54:00,Rieekan,Alvarez,1387 Route 1,Grand Junction,CO,81505,522,Hacksaw,1998,1,1998
2016-01-29 14:01:00,Obi-Wan,Miller,9760 Edgewood Road,Veedersburg,IN,47987,521,Drill,6900,1,6900
2016-01-29 14:01:00,Obi-Wan,Miller,9760 Edgewood Road,Veedersburg,IN,47987,512,Scraper,799,1,799
2016-01-29 14:01:00,Obi-Wan,Miller,9760 Edgewood Road,Veedersburg,IN,47987,526,Wire,3700,1,3700
2016-01-29 14:01:00,Obi-Wan,Miller,9760 Edgewood Road,Veedersburg,IN,47987,508,Bradawl,199,2,398
2016-01-29 14:01:00,Obi-Wan,Miller,9760 Edgewood Road,Veedersburg,IN,47987,507,Paint,1800,1,1800
2016-01-29 14:01:00,Obi-Wan,Miller,9760 Edgewood Road,Veedersburg,IN,47987,529,Workbench,30000,1,30000
2016-01-30 11:04:00,Tey How,Jennings,3672 Inverness Drive,Fort Washakie,WY,82514,509,Clamp,299,1,299
2016-01-30 11:04:00,Tey How,Jennings,3672 Inverness Drive,Fort Washakie,WY,82514,510,Screwdriver,399,1,399
2016-01-30 11:04:00,Tey How,Jennings,3672 Inverness Drive,Fort Washakie,WY,82514,528,Ladder,8000,2,16000
2016-01-30 11:04:00,Tey How,Jennings,3672 Inverness Drive,Fort Washakie,WY,82514,527,Toolbox,5000,1,5000
2016-01-30 11:04:00,Tey How,Jennings,3672 Inverness Drive,Fort Washakie,WY,82514,504,Screw,50,1,50
2016-01-30 11:35:00,Snap,Lara,9634 Jefferson Court,Cold Spring,MN,56320,503,Nut,25,1,25
2016-01-30 11:35:00,Snap,Lara,9634 Jefferson Court,Cold Spring,MN,56320,518,Level,1698,1,1698
2016-01-30 11:35:00,Snap,Lara,9634 Jefferson Court,Cold Spring,MN,56320,527,Toolbox,5000,1,5000
2016-01-30 11:35:00,Snap,Lara,9634 Jefferson Court,Cold Spring,MN,56320,524,Axe,2799,1,2799
2016-01-30 11:35:00,Snap,Lara,9634 Jefferson Court,Cold Spring,MN,56320,513,Hammer,827,1,827
2016-01-30 12:01:00,Piett,Johnston,4152 Prospect Street,Beaver,WV,25813,509,Clamp,299,1,299
2016-01-30 13:53:00,Taun We,Miller,4011 Sycamore Drive,Yellow Jacket,CO,81335,505,Bolt,100,1,100
2016-01-30 17:27:00,Dodonna,Barker,6191 Madison Street,Alexandria,MO,63430,527,Toolbox,5000,1,5000
2016-01-30 17:27:00,Dodonna,Barker,6191 Madison Street,Alexandria,MO,63430,507,Paint,1800,1,1800
2016-01-31 09:54:00,Obi-Wan,Oneill,7113 Washington Street,Tererro,NM,87573,520,Anvil,1620,1,1620
2016-01-31 09:54:00,Obi-Wan,Oneill,7113 Washington Street,Tererro,NM,87573,504,Screw,50,1,50
2016-01-31 09:54:00,Obi-Wan,Oneill,7113 Washington Street,Tererro,NM,87573,506,Sandpaper,300,1,300
2016-01-31 09:54:00,Obi-Wan,Oneill,7113 Washington Street,Tererro,NM,87573,526,Wire,3700,1,3700
2016-01-31 09:54:00,Obi-Wan,Oneill,7113 Washington Street,Tererro,NM,87573,509,Clamp,299,1,299
2016-01-31 09:54:00,Obi-Wan,Oneill,7113 Washington Street,Tererro,NM,87573,511,Chisel,499,1,499
2016-01-31 09:54:00,Obi-Wan,Oneill,7113 Washington Street,Tererro,NM,87573,517,Pliers,1599,1,1599
2016-01-31 09:54:00,Obi-Wan,Oneill,7113 Washington Street,Tererro,NM,87573,519,Monkeywrench,2995,1,2995
2016-01-31 11:19:00,Beru,Todd,7293 9th Street,Bountiful,UT,84010,520,Anvil,1620,1,1620
2016-01-31 11:19:00,Beru,Todd,7293 9th Street,Bountiful,UT,84010,528,Ladder,8000,1,8000
2016-01-31 15:41:00,Darth Maul,Rodriguez,4333 Front Street,Boothbay,ME,04537,508,Bradawl,199,1,199
2016-01-31 15:41:00,Darth Maul,Rodriguez,4333 Front Street,Boothbay,ME,04537,523,Saw,2099,1,2099
2016-01-31 15:41:00,Darth Maul,Rodriguez,4333 Front Street,Boothbay,ME,04537,526,Wire,3700,1,3700
2016-01-31 15:41:00,Darth Maul,Rodriguez,4333 Front Street,Boothbay,ME,04537,510,Screwdriver,399,1,399
2016-01-31 15:41:00,Darth Maul,Rodriguez,4333 Front Street,Boothbay,ME,04537,513,Hammer,827,1,827
2016-01-31 16:10:00,Taun We,Rivera,5813 Prospect Street,Yeso,NM,88136,505,Bolt,100,1,100
2016-01-31 16:10:00,Taun We,Rivera,5813 Prospect Street,Yeso,NM,88136,522,Hacksaw,1998,1,1998
2016-01-31 16:10:00,Taun We,Rivera,5813 Prospect Street,Yeso,NM,88136,521,Drill,6900,1,6900
2016-01-31 16:10:00,Taun We,Rivera,5813 Prospect Street,Yeso,NM,88136,508,Bradawl,199,1,199
